{
    "textures/star": "./assets/images/star.bmp",
    "textures/test": "./assets/images/bg_test.bmp",
    "textures/dot": "./assets/images/dot.bmp",
    "textures/level_home": "./assets/images/level_home__terrain_base.bmp",
    "tilesets/terrain_base": "./assets/tilesets/terrain.bmp",
    "tilesets/terrain_deco": "./assets/tilesets/deco.bmp",
    "sheet/player": "./assets/player/character01-Sheet.bmp",
    "sprite/player": "./assets/player/character01-Sheet.json",
    "sheet/ui/healthbar": "./assets/ui/healthbar-Sheet.bmp",
    "ui/healthbar": "./assets/ui/healthbar.json",
    "sheet/collectibles/key": "./assets/collectibles/key_32x32_24f.bmp",
    "collectibles/key": "./assets/collectibles/key_spec.json",
    "textures/the_end": "./assets/images/the_end.bmp",
    "ldtk_world": "./assets/Pioneer_EditorSchema.json"
}